영업일,광고상태
2024-07-01,광고x
2024-07-02,광고x
2024-07-03,광고x
2024-07-04,광고x
2024-07-05,광고x
2024-07-06,광고x
2024-07-07,광고x
2024-07-08,광고x
2024-07-09,광고x
2024-07-10,광고x
2024-07-11,광고x
2024-07-12,광고x
2024-07-13,광고x
2024-07-14,광고x
2024-07-15,광고x
2024-07-16,광고x
2024-07-17,광고x
2024-07-18,광고x
2024-07-19,광고x
2024-07-20,광고x
2024-07-21,광고x
2024-07-22,광고x
2024-07-23,광고x
2024-07-24,광고x
2024-07-25,광고x
2024-07-26,광고x
2024-07-27,광고x
2024-07-28,광고x
2024-07-29,광고x
2024-07-30,광고x
2024-07-31,광고x
2024-08-01,광고x
2024-08-02,광고x
2024-08-03,광고x
2024-08-04,광고x
2024-08-05,광고x
2024-08-06,광고x
2024-08-07,광고x
2024-08-08,광고x
2024-08-09,광고x
2024-08-10,광고x
2024-08-11,광고x
2024-08-12,광고x
2024-08-13,광고x
2024-08-14,광고x
2024-08-15,광고x
2024-08-16,광고x
2024-08-17,광고x
2024-08-18,광고x
2024-08-19,광고x
2024-08-20,광고x
2024-08-21,광고x
2024-08-22,광고x
2024-08-23,광고x
2024-08-24,광고x
2024-08-25,광고x
2024-08-26,광고x
2024-08-27,광고x
2024-08-28,광고x
2024-08-29,광고x
2024-08-30,광고x
2024-08-31,광고x
2024-09-01,광고x
2024-09-02,광고x
2024-09-03,광고x
2024-09-04,광고x
2024-09-05,광고x
2024-09-06,광고x
2024-09-07,광고x
2024-09-08,광고x
2024-09-09,광고x
2024-09-10,광고x
2024-09-11,광고x
2024-09-12,광고x
2024-09-13,광고x
2024-09-14,광고x
2024-09-15,광고x
2024-09-16,광고x
2024-09-17,광고x
2024-09-18,광고x
2024-09-19,광고x
2024-09-20,광고x
2024-09-21,광고x
2024-09-22,광고x
2024-09-23,광고x
2024-09-24,광고x
2024-09-25,광고x
2024-09-26,광고x
2024-09-27,광고x
2024-09-28,광고x
2024-09-29,광고x
2024-09-30,광고x
2024-10-01,광고x
2024-10-02,광고x
2024-10-03,광고x
2024-10-04,광고x
2024-10-05,광고x
2024-10-06,광고x
2024-10-07,광고x
2024-10-08,광고x
2024-10-09,광고x
2024-10-10,광고x
2024-10-11,광고x
2024-10-12,광고x
2024-10-13,광고x
2024-10-14,광고x
2024-10-15,광고x
2024-10-16,광고x
2024-10-17,광고x
2024-10-18,광고x
2024-10-19,광고x
2024-10-20,광고x
2024-10-21,광고x
2024-10-22,광고x
2024-10-23,광고x
2024-10-24,광고x
2024-10-25,광고x
2024-10-26,광고x
2024-10-27,광고x
2024-10-28,광고x
2024-10-29,광고x
2024-10-30,광고x
2024-10-31,광고x
2024-11-01,광고x
2024-11-02,광고x
2024-11-03,광고x
2024-11-04,광고x
2024-11-05,광고x
2024-11-06,광고x
2024-11-07,광고x
2024-11-08,광고x
2024-11-09,광고x
2024-11-10,광고x
2024-11-11,광고x
2024-11-12,광고x
2024-11-13,광고x
2024-11-14,광고x
2024-11-15,광고x
2024-11-16,광고x
2024-11-17,광고x
2024-11-18,광고x
2024-11-19,광고x
2024-11-20,광고x
2024-11-21,광고x
2024-11-22,광고x
2024-11-23,광고x
2024-11-24,광고0
2024-11-25,광고0
2024-11-26,광고0
2024-11-27,광고0
2024-11-28,광고0
2024-11-29,광고0
2024-11-30,광고0
2024-12-01,광고0
2024-12-02,광고0
2024-12-03,광고0
2024-12-04,광고0
2024-12-05,광고0
2024-12-06,광고0
2024-12-07,광고0
2024-12-08,광고0
2024-12-09,광고0
2024-12-10,광고0
2024-12-11,광고0
2024-12-12,광고0
2024-12-13,광고0
2024-12-14,광고0
2024-12-15,광고0
2024-12-16,광고0
2024-12-17,광고0
2024-12-18,광고0
2024-12-19,광고0
2024-12-20,광고0
2024-12-21,광고0
2024-12-22,광고0
2024-12-23,광고0
2024-12-24,광고0
2024-12-25,광고0
2024-12-26,광고0
2024-12-27,광고0
2024-12-28,광고0
2024-12-29,광고0
2024-12-30,광고0
2024-12-31,광고0
2025-01-01,광고0
2025-01-02,광고0
2025-01-03,광고0
2025-01-04,광고0
2025-01-05,광고0
2025-01-06,광고0
2025-01-07,광고0
2025-01-08,광고0
2025-01-09,광고0
2025-01-10,광고0
2025-01-11,광고0
2025-01-12,광고0
2025-01-13,광고0
2025-01-14,광고0
2025-01-15,광고0
2025-01-16,광고0
2025-01-17,광고0
2025-01-18,광고0
2025-01-19,광고0
2025-01-20,광고0
2025-01-21,광고0
2025-01-22,광고0
2025-01-23,광고0
2025-01-24,광고0
2025-01-25,광고0
2025-01-26,광고0
2025-01-27,광고0
2025-01-28,광고0
2025-01-29,광고0
2025-01-30,광고0
2025-01-31,광고0
2025-02-01,광고0
2025-02-02,광고0
2025-02-03,광고0
2025-02-04,광고0
2025-02-05,광고0
2025-02-06,광고0
2025-02-07,광고0
2025-02-08,광고0
2025-02-09,광고0
2025-02-10,광고0
2025-02-11,광고0
2025-02-12,광고0
2025-02-13,광고0
2025-02-14,광고0
2025-02-15,광고0
2025-02-16,광고0
2025-02-17,광고0
2025-02-18,광고0
2025-02-19,광고0
2025-02-20,광고0
2025-02-21,광고0
2025-02-22,광고0
2025-02-23,광고0
2025-02-24,광고0
2025-02-25,광고0
2025-02-26,광고0
2025-02-27,광고0
2025-02-28,광고0
2025-03-01,광고0
2025-03-02,광고0
2025-03-03,광고0
2025-03-04,광고0
2025-03-05,광고0
2025-03-06,광고0
2025-03-07,광고0
2025-03-08,광고0
2025-03-09,광고0
2025-03-10,광고0
2025-03-11,광고0
2025-03-12,광고0
2025-03-13,광고0
2025-03-14,광고0
2025-03-15,광고0
2025-03-16,광고0
2025-03-17,광고0
2025-03-18,광고0
2025-03-19,광고0
2025-03-20,광고0
2025-03-21,광고0
2025-03-22,광고0
2025-03-23,광고0
2025-03-24,광고0
2025-03-25,광고0
2025-03-26,광고0
2025-03-27,광고0
2025-03-28,광고0
2025-03-29,광고0
2025-03-30,광고0
2025-03-31,광고0
2025-04-01,광고0
2025-04-02,광고0
2025-04-03,광고0
2025-04-04,광고0
2025-04-05,광고0
2025-04-06,광고0
2025-04-07,광고0
2025-04-08,광고0
2025-04-09,광고0
2025-04-10,광고0
2025-04-11,광고0
2025-04-12,광고0
2025-04-13,광고0
2025-04-14,광고0
2025-04-15,광고0
2025-04-16,광고0
2025-04-17,광고0
2025-04-18,광고0
2025-04-19,광고0
2025-04-20,광고0
2025-04-21,광고0
2025-04-22,광고0
2025-04-23,광고0
2025-04-24,광고0
2025-04-25,광고0
2025-04-26,광고0
2025-04-27,광고0
2025-04-28,광고0
2025-04-29,광고0
2025-04-30,광고0
2025-05-01,광고0
2025-05-02,광고0
2025-05-03,광고0
2025-05-04,광고0
2025-05-05,광고0
2025-05-06,광고0
2025-05-07,광고0
2025-05-08,광고0
2025-05-09,광고0
2025-05-10,광고0
2025-05-11,광고0
2025-05-12,광고0
2025-05-13,광고0
2025-05-14,광고0
2025-05-15,광고0
2025-05-16,광고0
2025-05-17,광고0
2025-05-18,광고0
2025-05-19,광고0
2025-05-20,광고0
2025-05-21,광고0
2025-05-22,광고0
2025-05-23,광고0
2025-05-24,광고0
2025-05-25,광고0
2025-05-26,광고0
2025-05-27,광고0
2025-05-28,광고0
2025-05-29,광고0
2025-05-30,광고0
2025-05-31,광고0
2025-06-01,광고0
2025-06-02,광고0
2025-06-03,광고0
2025-06-04,광고0
2025-06-05,광고0
2025-06-06,광고0
2025-06-07,광고0
2025-06-08,광고0
2025-06-09,광고0
2025-06-10,광고0
2025-06-11,광고0
2025-06-12,광고0
2025-06-13,광고0
2025-06-14,광고0
2025-06-15,광고0
2025-06-16,광고0
2025-06-17,광고0
2025-06-18,광고0
2025-06-19,광고0
2025-06-20,광고0
2025-06-21,광고0
2025-06-22,광고0
2025-06-23,광고0
2025-06-24,광고0
2025-06-25,광고0
2025-06-26,광고0
2025-06-27,광고0
2025-06-28,광고0
2025-06-29,광고0
2025-06-30,광고0
2025-07-01,광고0
2025-07-02,광고0
2025-07-03,광고0
2025-07-04,광고0
2025-07-05,광고0
2025-07-06,광고0
2025-07-07,광고0
2025-07-08,광고0
2025-07-09,광고0
2025-07-10,광고0
2025-07-11,광고0
2025-07-12,광고0
2025-07-13,광고0
2025-07-14,광고0
2025-07-15,광고0
2025-07-16,광고0
2025-07-17,광고0
2025-07-18,광고0
2025-07-19,광고0
2025-07-20,광고0
2025-07-21,광고0
2025-07-22,광고0
2025-07-23,광고0
2025-07-24,광고0
2025-07-25,광고0
2025-07-26,광고0
2025-07-27,광고0
2025-07-28,광고0
2025-07-29,광고0
2025-07-30,광고0
2025-07-31,광고0
2025-08-01,광고0
2025-08-02,광고0
2025-08-03,광고0
2025-08-04,광고0
2025-08-05,광고0
2025-08-06,광고0
2025-08-07,광고0
2025-08-08,광고0
2025-08-09,광고0
2025-08-10,광고0
2025-08-11,광고0
2025-08-12,광고0
2025-08-13,광고0
2025-08-14,광고0
2025-08-15,광고0
2025-08-16,광고0
2025-08-17,광고0
2025-08-18,광고0
2025-08-19,광고0
2025-08-20,광고0
2025-08-21,광고0
2025-08-22,광고0
2025-08-23,광고0
2025-08-24,광고0
2025-08-25,광고0
2025-08-26,광고0
2025-08-27,광고0
2025-08-28,광고0
2025-08-29,광고0
2025-08-30,광고0
2025-08-31,광고0
2025-09-01,광고0
2025-09-02,광고0
2025-09-03,광고0
2025-09-04,광고0
2025-09-05,광고0
2025-09-06,광고0
2025-09-07,광고0
2025-09-08,광고0
2025-09-09,광고0
2025-09-10,광고0
2025-09-11,광고0
2025-09-12,광고0
2025-09-13,광고0
2025-09-14,광고0
2025-09-15,광고0
2025-09-16,광고0
2025-09-17,광고0
2025-09-18,광고0
2025-09-19,광고0
2025-09-20,광고0
2025-09-21,광고0
2025-09-22,광고0
2025-09-23,광고0
2025-09-24,광고0
2025-09-25,광고0
2025-09-26,광고0
2025-09-27,광고0
2025-09-28,광고0
2025-09-29,광고0
2025-09-30,광고0
2025-10-01,광고0
2025-10-02,광고0
2025-10-03,광고0
2025-10-04,광고0
2025-10-05,광고0
2025-10-06,광고0
2025-10-07,광고0
2025-10-08,광고0
2025-10-09,광고0
2025-10-10,광고0
2025-10-11,광고0
2025-10-12,광고0
2025-10-13,광고0
2025-10-14,광고0
2025-10-15,광고0
2025-10-16,광고0
2025-10-17,광고0
2025-10-18,광고0
2025-10-19,광고0
2025-10-20,광고0
2025-10-21,광고0
2025-10-22,광고0
2025-10-23,광고0
2025-10-24,광고0
2025-10-25,광고0
2025-10-26,광고0
2025-10-27,광고0
2025-10-28,광고0
2025-10-29,광고0
2025-10-30,광고0
2025-10-31,광고0
2025-11-01,광고0
2025-11-02,광고0
2025-11-03,광고0
2025-11-04,광고0
2025-11-05,광고0
2025-11-06,광고0
2025-11-07,광고0
2025-11-08,광고0
2025-11-09,광고0
2025-11-10,광고0
2025-11-11,광고0
2025-11-12,광고0
2025-11-13,광고0
2025-11-14,광고0
2025-11-15,광고0
2025-11-16,광고0
2025-11-17,광고0
2025-11-18,광고0
2025-11-19,광고0
2025-11-20,광고0
2025-11-21,광고0
2025-11-22,광고0
2025-11-23,광고0
2025-11-24,광고0
2025-11-25,광고0
2025-11-26,광고0
2025-11-27,광고0
2025-11-28,광고0
2025-11-29,광고0
2025-11-30,광고0
2025-12-01,광고0
2025-12-02,광고0
2025-12-03,광고0
2025-12-04,광고0
2025-12-05,광고0
2025-12-06,광고0
2025-12-07,광고0
2025-12-08,광고0
2025-12-09,광고0
2025-12-10,광고0
2025-12-11,광고0
2025-12-12,광고0
2025-12-13,광고0
2025-12-14,광고0
2025-12-15,광고0
2025-12-16,광고0
2025-12-17,광고0
2025-12-18,광고0
2025-12-19,광고0
2025-12-20,광고0
2025-12-21,광고0
2025-12-22,광고0
2025-12-23,광고0
2025-12-24,광고0
2025-12-25,광고0
2025-12-26,광고0
2025-12-27,광고0
2025-12-28,광고0
2025-12-29,광고0
2025-12-30,광고0
2025-12-31,광고0
2026-01-01,광고0
2026-01-02,광고0
2026-01-03,광고0
2026-01-04,광고0
2026-01-05,광고0
2026-01-06,광고0
2026-01-07,광고0
2026-01-08,광고0
2026-01-09,광고0
2026-01-10,광고0
2026-01-11,광고0
2026-01-12,광고0
2026-01-13,광고0
2026-01-14,광고0
2026-01-15,광고0
2026-01-16,광고0
2026-01-17,광고0
2026-01-18,광고0
2026-01-19,광고0
2026-01-20,광고0
2026-01-21,광고0
2026-01-22,광고0
2026-01-23,광고0
2026-01-24,광고0
2026-01-25,광고0
2026-01-26,광고0
2026-01-27,광고0
2026-01-28,광고0
2026-01-29,광고후 일주일
2026-01-30,광고후 일주일
2026-01-31,광고후 일주일
2026-02-01,광고후 일주일
2026-02-02,광고후 일주일
2026-02-03,광고후 일주일
2026-02-04,광고후 일주일
2026-02-05,광고후 이주일
2026-02-06,광고후 이주일
2026-02-07,광고후 이주일
2026-02-08,광고후 이주일
2026-02-09,광고후 이주일
2026-02-10,광고후 이주일
2026-02-11,광고후 이주일
2026-02-12,광고후 삼주일
2026-02-13,광고후 삼주일
2026-02-14,광고후 삼주일
2026-02-15,광고후 삼주일
2026-02-16,광고후 삼주일
2026-02-17,광고후 삼주일
2026-02-18,광고후 삼주일
2026-02-19,광고x
2026-02-20,광고x
2026-02-21,광고x
2026-02-22,광고x
2026-02-23,광고x
2026-02-24,광고x
2026-02-25,광고x
2026-02-26,광고x
2026-02-27,광고x
2026-02-28,광고x
2026-03-01,광고x
2026-03-02,광고x
2026-03-03,광고x
2026-03-04,광고x
2026-03-05,광고x
2026-03-06,광고x
2026-03-07,광고x
2026-03-08,광고x
2026-03-09,광고x
2026-03-10,광고x
2026-03-11,광고x
2026-03-12,광고x
2026-03-13,광고x
2026-03-14,광고x
2026-03-15,광고x
2026-03-16,광고x
2026-03-17,광고x
2026-03-18,광고x
2026-03-19,광고x
2026-03-20,광고x
2026-03-21,광고x
2026-03-22,광고x
2026-03-23,광고x
2026-03-24,광고x
2026-03-25,광고x
2026-03-26,광고x
2026-03-27,광고x
2026-03-28,광고x
2026-03-29,광고x
2026-03-30,광고x
2026-03-31,광고x
2026-04-01,광고x
2026-04-02,광고x
2026-04-03,광고x
2026-04-04,광고x
2026-04-05,광고x
2026-04-06,광고x
2026-04-07,광고x
2026-04-08,광고x
2026-04-09,광고x
2026-04-10,광고x
2026-04-11,광고x
2026-04-12,광고x
2026-04-13,광고x
2026-04-14,광고x
2026-04-15,광고x
2026-04-16,광고x
2026-04-17,광고x
2026-04-18,광고x
2026-04-19,광고x
2026-04-20,광고x
2026-04-21,광고x
2026-04-22,광고x
2026-04-23,광고x
2026-04-24,광고x
2026-04-25,광고x
2026-04-26,광고x
2026-04-27,광고x
2026-04-28,광고x
2026-04-29,광고x
2026-04-30,광고x
2026-05-01,광고x
2026-05-02,광고x
2026-05-03,광고x
2026-05-04,광고x
2026-05-05,광고x
2026-05-06,광고x
2026-05-07,광고x
2026-05-08,광고x
2026-05-09,광고x
2026-05-10,광고x
2026-05-11,광고x
2026-05-12,광고x
2026-05-13,광고x
2026-05-14,광고x
2026-05-15,광고x
2026-05-16,광고x
2026-05-17,광고x
2026-05-18,광고x
2026-05-19,광고x
2026-05-20,광고x
2026-05-21,광고x
2026-05-22,광고x
2026-05-23,광고x
2026-05-24,광고x
2026-05-25,광고x
2026-05-26,광고x
2026-05-27,광고x
2026-05-28,광고x
2026-05-29,광고x
2026-05-30,광고x
2026-05-31,광고x
2026-06-01,광고x
2026-06-02,광고x
2026-06-03,광고x
2026-06-04,광고x
2026-06-05,광고x
2026-06-06,광고x
2026-06-07,광고x
2026-06-08,광고x
2026-06-09,광고x
2026-06-10,광고x
2026-06-11,광고x
2026-06-12,광고x
2026-06-13,광고x
2026-06-14,광고x
2026-06-15,광고x
2026-06-16,광고x
2026-06-17,광고x
2026-06-18,광고x
2026-06-19,광고x
2026-06-20,광고x
2026-06-21,광고x
2026-06-22,광고x
2026-06-23,광고x
2026-06-24,광고x
2026-06-25,광고x
2026-06-26,광고x
2026-06-27,광고x
2026-06-28,광고x
2026-06-29,광고x
2026-06-30,광고x
