영업일,리뷰조회수
2024-11-25,35
2024-11-26,138
2024-11-27,48
2024-11-28,348
2024-11-29,495
2024-11-30,150
2024-12-01,80
2024-12-02,120
2024-12-03,195
2024-12-04,135
2024-12-05,180
2024-12-06,150
2024-12-07,105
2024-12-08,126
2024-12-09,84
2024-12-10,84
2024-12-11,105
2024-12-12,66
2024-12-13,80
2024-12-14,50
2024-12-15,65
2024-12-16,40
2024-12-17,44
2024-12-18,150
2024-12-19,222
2024-12-20,152
2024-12-21,108
2024-12-22,102
2024-12-23,78
2024-12-24,132
2024-12-25,75
2024-12-26,80
2024-12-27,192
2024-12-28,78
2024-12-29,60
2024-12-30,104
2024-12-31,40
2025-01-01,72
2025-01-02,96
2025-01-03,238
2025-01-04,150
2025-01-05,101
2025-01-06,65
2025-01-07,112
2025-01-08,139
2025-01-09,174
2025-01-10,42
2025-01-11,108
2025-01-12,147
2025-01-13,95
2025-01-14,84
2025-01-15,64
2025-01-16,64
2025-01-17,44
2025-01-18,48
2025-01-19,103
2025-01-20,48
2025-01-21,56
2025-01-22,57
2025-01-23,39
2025-01-24,45
2025-01-25,108
2025-01-26,102
2025-01-27,30
2025-01-28,26
2025-01-29,48
2025-01-30,38
2025-01-31,58
2025-02-01,40
2025-02-02,60
2025-02-03,37
2025-02-04,56
2025-02-05,57
2025-02-06,53
2025-02-07,37
2025-02-08,54
2025-02-09,42
2025-02-10,40
2025-02-11,38
2025-02-12,44
2025-02-13,54
2025-02-14,46
2025-02-15,23
2025-02-16,20
2025-02-17,48
2025-02-18,18
2025-02-19,20
2025-02-20,55
2025-02-21,32
2025-02-22,35
2025-02-23,52
2025-02-24,16
2025-02-25,60
2025-02-26,136
2025-02-27,144
2025-02-28,182
2025-03-01,144
2025-03-03,108
2025-03-04,180
2025-03-05,182
2025-03-06,118
2025-03-07,118
2025-03-08,82
2025-03-09,98
2025-03-10,76
2025-03-11,82
2025-03-12,98
2025-03-13,185
2025-03-14,79
2025-03-15,50
2025-03-16,61
2025-03-17,51
2025-03-18,95
2025-03-19,84
2025-03-20,69
2025-03-21,80
2025-03-22,54
2025-03-23,107
2025-03-24,175
2025-03-25,104
2025-03-26,97
2025-03-27,139
2025-03-28,142
2025-03-29,254
2025-03-30,166
2025-03-31,50
2025-04-01,43
2025-04-02,121
2025-04-03,270
2025-04-04,142
2025-04-05,72
2025-04-06,90
2025-04-07,85
2025-04-08,112
2025-04-09,68
2025-04-10,79
2025-04-11,113
2025-04-12,116
2025-04-13,90
2025-04-14,86
2025-04-15,69
2025-04-16,96
2025-04-17,54
2025-04-18,135
2025-04-19,55
2025-04-20,61
2025-04-21,138
2025-04-22,92
2025-04-23,50
2025-04-24,24
2025-04-25,53
2025-04-26,119
2025-04-27,89
2025-04-28,67
2025-04-29,52
2025-04-30,38
2025-05-01,90
2025-05-02,86
2025-05-03,48
2025-05-04,50
2025-05-05,65
2025-05-06,78
2025-05-07,79
2025-05-08,116
2025-05-09,97
2025-05-10,55
2025-05-11,42
2025-05-12,82
2025-05-13,43
2025-05-14,73
2025-05-15,65
2025-05-16,79
2025-05-17,95
2025-05-18,38
2025-05-19,47
2025-05-20,44
2025-05-21,63
2025-05-22,53
2025-05-23,66
2025-05-24,73
2025-05-25,56
2025-05-26,62
2025-05-27,13
2025-05-28,59
2025-05-29,18
2025-05-30,67
2025-05-31,25
2025-06-01,68
2025-06-02,102
2025-06-03,34
2025-06-04,28
2025-06-05,48
2025-06-06,16
2025-06-07,28
2025-06-08,12
2025-06-09,15
2025-06-10,71
2025-06-11,46
2025-06-12,70
2025-06-13,31
2025-06-14,62
2025-06-15,80
2025-06-16,57
2025-06-17,59
2025-06-18,159
2025-06-19,28
2025-06-20,53
2025-06-21,29
2025-06-22,26
2025-06-23,46
2025-06-24,76
2025-06-25,30
2025-06-26,34
2025-06-27,140
2025-06-28,66
2025-06-29,78
2025-06-30,37
2025-07-01,76
2025-07-02,24
2025-07-03,36
2025-07-04,54
2025-07-05,21
2025-07-06,43
2025-07-07,48
2025-07-08,86
2025-07-09,82
2025-07-10,44
2025-07-11,65
2025-07-12,68
2025-07-13,21
2025-07-14,100
2025-07-15,110
2025-07-16,62
2025-07-17,80
2025-07-18,121
2025-07-19,60
2025-07-20,77
2025-07-21,74
2025-07-22,59
2025-07-23,158
2025-07-24,100
2025-07-25,88
2025-07-26,57
2025-07-27,71
2025-07-28,57
2025-07-29,104
2025-07-30,100
2025-07-31,62
2025-08-01,71
2025-08-02,97
2025-08-03,99
2025-08-04,113
2025-08-05,53
2025-08-06,64
2025-08-07,73
2025-08-08,143
2025-08-09,140
2025-08-10,55
2025-08-11,85
2025-08-12,39
2025-08-13,127
2025-08-14,86
2025-08-15,40
2025-08-16,168
2025-08-17,38
2025-08-18,81
2025-08-19,51
2025-08-20,132
2025-08-21,62
2025-08-22,89
2025-08-23,120
2025-08-24,34
2025-08-25,148
2025-08-26,94
2025-08-27,33
2025-08-28,41
2025-08-29,106
2025-08-30,42
2025-08-31,79
2025-09-01,80
2025-09-02,92
2025-09-03,86
2025-09-04,103
2025-09-05,139
2025-09-06,18
2025-09-07,110
2025-09-08,188
2025-09-09,70
2025-09-10,72
2025-09-11,144
2025-09-12,139
2025-09-13,61
2025-09-14,51
2025-09-15,42
2025-09-16,124
2025-09-17,51
2025-09-18,107
2025-09-19,60
2025-09-20,64
2025-09-21,56
2025-09-22,35
2025-09-23,68
2025-09-24,76
2025-09-25,57
2025-09-26,61
2025-09-27,42
2025-09-28,36
2025-09-29,52
2025-09-30,42
2025-10-01,19
2025-10-02,40
2025-10-03,12
2025-10-04,40
2025-10-05,32
2025-10-06,44
2025-10-07,32
2025-10-08,53
2025-10-09,20
2025-10-10,40
2025-10-11,36
2025-10-12,31
2025-10-13,5
2025-10-14,69
2025-10-15,52
2025-10-16,82
2025-10-17,66
2025-10-18,16
2025-10-19,47
2025-10-20,23
2025-10-21,39
2025-10-22,69
2025-10-23,40
2025-10-24,139
2025-10-25,74
2025-10-26,68
2025-10-27,22
2025-10-28,115
2025-10-29,203
2025-10-30,130
2025-10-31,101
2025-11-01,82
2025-11-02,104
2025-11-03,106
2025-11-04,94
2025-11-05,53
2025-11-06,172
2025-11-07,93
2025-11-08,65
2025-11-09,69
2025-11-10,29
2025-11-11,69
2025-11-12,80
2025-11-13,64
2025-11-14,97
2025-11-15,55
2025-11-16,151
2025-11-17,426
2025-11-18,531
2025-11-19,44
2025-11-20,49
2025-11-21,174
2025-11-22,128
2025-11-23,53
2025-11-24,55
2025-11-25,72
2025-11-26,125
2025-11-27,88
2025-11-28,78
2025-11-29,100
2025-11-30,51
2025-12-01,8
2025-12-02,81
2025-12-03,140
2025-12-04,105
2025-12-05,99
2025-12-06,104
2025-12-07,75
2025-12-08,58
2025-12-09,74
2025-12-10,141
2025-12-11,93
2025-12-12,103
2025-12-13,46
2025-12-14,73
2025-12-15,29
2025-12-16,86
2025-12-17,43
2025-12-18,189
2025-12-19,82
2025-12-20,92
2025-12-21,50
2025-12-22,61
2025-12-23,136
2025-12-24,139
2025-12-25,50
2025-12-26,63
2025-12-27,115
2025-12-28,83
2025-12-29,48
2025-12-30,49
2025-12-31,67
2026-01-01,36
2026-01-02,45
2026-01-03,127
2026-01-04,56
2026-01-05,56
2026-01-06,44
2026-01-07,32
2026-01-08,61
2026-01-09,90
2026-01-10,140
2026-01-11,43
2026-01-12,60
2026-01-13,101
2026-01-14,116
2026-01-15,108
2026-01-16,60
2026-01-17,42
2026-01-18,75
2026-01-19,94
2026-01-20,83
2026-01-21,44
2026-01-22,100
2026-01-23,26
2026-01-24,83
2026-01-25,64
2026-01-26,27
2026-01-27,80
2026-01-28,77
2026-01-29,132
2026-01-30,107
2026-01-31,70
2026-02-01,102
2026-02-02,104
2026-02-03,33
2026-02-04,141
2026-02-05,92
2026-02-06,50
2026-02-07,131
2026-02-08,42
2026-02-09,97
2026-02-10,41
2026-02-11,76
2026-02-12,52
2026-02-13,57
2026-02-14,99
2026-02-15,25
2026-02-16,52
2026-02-17,48
2026-02-18,25
2026-02-19,21
2026-02-20,77
2026-02-21,76
2026-02-22,28
2026-02-23,102
2026-02-24,43
2026-02-25,42
2026-02-26,82
2026-02-27,40
2026-02-28,90
2026-03-01,71
2026-03-02,45
2026-03-03,18
2026-03-04,46
2026-03-05,29
2026-03-06,47
2026-03-07,34
2026-03-08,28
2026-03-09,58
2026-03-10,44
2026-03-11,79
2026-03-12,60
2026-03-13,71
2026-03-14,72
2026-03-15,38
2026-03-16,52
2026-03-17,21
2026-03-18,24
2026-03-19,54
2026-03-20,59
2026-03-21,55
2026-03-22,26
2026-03-23,34
2026-03-24,70
2026-03-25,55
2026-03-26,33
2026-03-27,100
2026-03-28,38
2026-03-29,45
2026-03-30,12
2026-03-31,11
2026-04-01,44
2026-04-02,26
2026-04-03,87
2026-04-04,28
2026-04-05,32
2026-04-06,38
2026-04-07,25
2026-04-08,37
2026-04-09,15
2026-04-10,49
2026-04-11,45
2026-04-12,44
2026-04-13,52
2026-04-14,50
2026-04-15,43
2026-04-16,49
2026-04-17,27
2026-04-18,50
2026-04-19,63
2026-04-20,22
2026-04-21,45
2026-04-22,51
2026-04-23,29
2026-04-24,63
2026-04-25,29
2026-04-26,39
2026-04-27,21
2026-04-28,49
2026-04-29,64
2026-04-30,50
2026-05-01,31
2026-05-02,38
2026-05-03,62
2026-05-04,45
2026-05-05,8
2026-05-06,32
2026-05-07,25
2026-05-08,25
2026-05-09,40
2026-05-10,24
2026-05-11,24
2026-05-12,25
2026-05-13,43
2026-05-14,80
2026-05-15,45
2026-05-16,41
2026-05-17,42
2026-05-18,76
2026-05-19,44
2026-05-20,62
2026-05-21,75
2026-05-22,64
2026-05-23,46
2026-05-24,22
2026-05-25,12
2026-05-26,23
2026-05-27,33
2026-05-28,36
2026-05-29,66
2026-05-30,19
2026-05-31,20
2026-06-01,42
2026-06-02,42
2026-06-03,18
2026-06-04,23
2026-06-05,25
2026-06-06,45
2026-06-07,15
2026-06-08,31
2026-06-09,76
2026-06-10,49
2026-06-11,25
2026-06-12,61
2026-06-13,39
2026-06-14,33
2026-06-15,31
2026-06-16,53
2026-06-17,38
2026-06-18,16
2026-06-19,26
2026-06-20,43
2026-06-21,30
2026-06-22,50
2026-06-23,58
2026-06-24,45
2026-06-25,16
2026-06-26,10
2026-06-27,20
2026-06-28,9
2026-06-29,30
2026-06-30,20
2026-07-01,33
2026-07-02,21
2026-07-03,26
2026-07-04,9
2026-07-05,47
2026-07-06,11
2026-07-07,4
2026-07-08,38
2026-07-09,13
2026-07-10,34
2026-07-11,37
2026-07-12,17
2026-07-13,22
2026-07-14,27
2026-07-15,16
