사용일자,승차총승객수,하차총승객수
2024-07-01,26718,25946
2024-07-02,25577,24961
2024-07-03,27628,26773
2024-07-04,27292,26438
2024-07-05,28178,26640
2024-07-06,20538,19421
2024-07-07,16719,16343
2024-07-08,25398,24820
2024-07-09,26970,26194
2024-07-10,27442,26734
2024-07-11,27256,26360
2024-07-12,27900,26318
2024-07-13,21513,20164
2024-07-14,16643,16071
2024-07-15,26550,25668
2024-07-16,26637,26094
2024-07-17,26364,25383
2024-07-18,24832,24056
2024-07-19,28062,26467
2024-07-20,20732,19233
2024-07-21,16223,16071
2024-07-22,25525,24800
2024-07-23,26392,25632
2024-07-24,27206,26343
2024-07-25,26608,25669
2024-07-26,26766,25248
2024-07-27,20009,18564
2024-07-28,16015,15513
2024-07-29,25437,24638
2024-07-30,25977,25063
2024-07-31,25683,25094
2024-08-01,25469,24317
2024-08-02,25624,24032
2024-08-03,19073,17649
2024-08-04,14795,14538
2024-08-05,24543,23663
2024-08-06,25357,24480
2024-08-07,25368,24439
2024-08-08,25683,24497
2024-08-09,25995,24430
2024-08-10,19736,18211
2024-08-11,15181,14802
2024-08-12,25084,24272
2024-08-13,25467,24645
2024-08-14,26176,24745
2024-08-15,16337,15234
2024-08-16,24123,22999
2024-08-17,18812,17712
2024-08-18,15101,14621
2024-08-19,24987,24259
2024-08-20,25748,25001
2024-08-21,25543,24559
2024-08-22,25874,24852
2024-08-23,27083,25514
2024-08-24,20885,19105
2024-08-25,16026,15497
2024-08-26,25802,25099
2024-08-27,26561,25697
2024-08-28,26845,25959
2024-08-29,26584,25627
2024-08-30,27592,26026
2024-08-31,20630,19125
2024-09-01,16664,16034
2024-09-02,26386,25492
2024-09-03,27138,26169
2024-09-04,27327,26414
2024-09-05,27116,26241
2024-09-06,27754,26454
2024-09-07,21899,20334
2024-09-08,16801,16293
2024-09-09,26931,25972
2024-09-10,27383,26528
2024-09-11,27552,26887
2024-09-12,26737,25608
2024-09-13,27845,25704
2024-09-14,19083,16595
2024-09-15,14409,12574
2024-09-16,11641,10413
2024-09-17,10708,11640
2024-09-18,12516,13775
2024-09-19,25006,24631
2024-09-20,25609,24945
2024-09-21,20385,18744
2024-09-22,17118,16413
2024-09-23,27577,26544
2024-09-24,28143,27116
2024-09-25,27932,27105
2024-09-26,27881,26668
2024-09-27,28636,27064
2024-09-28,22424,21123
2024-09-29,17594,16725
2024-09-30,27610,26081
2024-10-01,18534,17977
2024-10-02,27795,26600
2024-10-03,18433,17726
2024-10-04,27153,25685
2024-10-05,22420,20927
2024-10-06,16781,16106
2024-10-07,27255,26156
2024-10-08,28830,27297
2024-10-09,18833,17977
2024-10-10,27878,26831
2024-10-11,28562,27080
2024-10-12,22654,20787
2024-10-13,17521,17050
2024-10-14,26993,26042
2024-10-15,27576,26601
2024-10-16,28100,27278
2024-10-17,27953,26958
2024-10-18,27393,26072
2024-10-19,22334,20802
2024-10-20,18099,17444
2024-10-21,27346,26408
2024-10-22,26288,25763
2024-10-23,27967,26964
2024-10-24,27789,26923
2024-10-25,28644,26991
2024-10-26,23165,21652
2024-10-27,17969,17387
2024-10-28,27198,26251
2024-10-29,27749,26910
2024-10-30,28073,27132
2024-10-31,27952,27088
2024-11-01,28746,27175
2024-11-02,22991,21463
2024-11-03,18224,17623
2024-11-04,27202,26264
2024-11-05,27796,26943
2024-11-06,28154,27140
2024-11-07,27580,26529
2024-11-08,28369,26877
2024-11-09,22708,21190
2024-11-10,17802,17057
2024-11-11,27083,26086
2024-11-12,27810,26831
2024-11-13,28175,27335
2024-11-14,27351,26274
2024-11-15,28396,26691
2024-11-16,22221,20692
2024-11-17,17557,17214
2024-11-18,26734,25915
2024-11-19,27320,26558
2024-11-20,27724,26955
2024-11-21,27635,26591
2024-11-22,28213,26616
2024-11-23,22308,20778
2024-11-24,17243,16916
2024-11-25,27410,26382
2024-11-26,26709,26134
2024-11-27,27960,27373
2024-11-28,26849,26096
2024-11-29,28358,26868
2024-11-30,22147,20246
2024-12-01,17501,17029
2024-12-02,27306,26184
2024-12-03,27554,26613
2024-12-04,27187,26254
2024-12-05,26927,26234
2024-12-06,27848,26646
2024-12-07,22609,21126
2024-12-08,16819,16197
2024-12-09,26709,25741
2024-12-10,27220,26347
2024-12-11,27598,26735
2024-12-12,27481,26485
2024-12-13,28348,26662
2024-12-14,23266,21640
2024-12-15,17287,16823
2024-12-16,26785,25747
2024-12-17,27451,26574
2024-12-18,27499,26695
2024-12-19,27458,26244
2024-12-20,28544,26764
2024-12-21,22949,21324
2024-12-22,17018,16497
2024-12-23,26732,25631
2024-12-24,28223,26108
2024-12-25,17853,17044
2024-12-26,26035,25275
2024-12-27,26861,25289
2024-12-28,21023,19588
2024-12-29,16279,15791
2024-12-30,25936,24527
2024-12-31,26557,24229
2025-01-01,12529,12853
2025-01-02,25485,24983
2025-01-03,26131,24904
2025-01-04,19706,18472
2025-01-05,14761,14550
2025-01-06,26056,25046
2025-01-07,25911,25119
2025-01-08,25823,25291
2025-01-09,24331,23613
2025-01-10,25715,24520
2025-01-11,20458,19199
2025-01-12,15772,15281
2025-01-13,25867,25163
2025-01-14,26544,25644
2025-01-15,26275,25437
2025-01-16,26242,25352
2025-01-17,27616,26151
2025-01-18,21418,19926
2025-01-19,16378,15829
2025-01-20,26178,25215
2025-01-21,26380,25293
2025-01-22,26474,25719
2025-01-23,26632,25502
2025-01-24,27478,25340
2025-01-25,19851,17819
2025-01-26,15698,13902
2025-01-27,14924,13097
2025-01-28,11290,9834
2025-01-29,10163,10684
2025-01-30,11278,12371
2025-01-31,22039,21759
2025-02-01,18502,17750
2025-02-02,15238,14912
2025-02-03,25740,25008
2025-02-04,24985,24243
2025-02-05,25312,24425
2025-02-06,25827,25547
2025-02-07,26342,24935
2025-02-08,20148,18722
2025-02-09,15783,15387
2025-02-10,26129,25037
2025-02-11,26821,25736
2025-02-12,26416,25550
2025-02-13,26777,25925
2025-02-14,27977,26238
2025-02-15,22131,20715
2025-02-16,16821,16264
2025-02-17,26147,25217
2025-02-18,26438,25680
2025-02-19,26811,25986
2025-02-20,26603,25869
2025-02-21,27397,25882
2025-02-22,21652,20356
2025-02-23,16191,15624
2025-02-24,26303,25455
2025-02-25,26883,25875
2025-02-26,27259,26576
2025-02-27,27302,26051
2025-02-28,27895,26044
2025-03-01,20441,18828
2025-03-02,16302,15690
2025-03-03,15956,15837
2025-03-04,26117,25402
2025-03-05,27251,26532
2025-03-06,27809,26877
2025-03-07,28303,26764
2025-03-08,22425,21242
2025-03-09,17488,16897
2025-03-10,27280,26408
2025-03-11,27888,26943
2025-03-12,27548,27075
2025-03-13,27684,26838
2025-03-14,29107,27405
2025-03-15,23025,21499
2025-03-16,16361,15988
2025-03-17,26806,25928
2025-03-18,26986,26159
2025-03-19,27694,26708
2025-03-20,28069,27055
2025-03-21,28958,27465
2025-03-22,23097,21365
2025-03-23,13222,12710
2025-03-24,27329,26477
2025-03-25,27818,27115
2025-03-26,28045,27038
2025-03-27,27505,26818
2025-03-28,28397,27135
2025-03-29,21698,20142
2025-03-30,16328,15898
2025-03-31,27045,26120
2025-04-01,27404,26423
2025-04-02,27497,26857
2025-04-03,28035,27096
2025-04-04,28405,26865
2025-04-05,19902,18799
2025-04-06,18393,18088
2025-04-07,27832,27376
2025-04-08,28741,28228
2025-04-09,28310,27888
2025-04-10,29050,28522
2025-04-11,30680,29262
2025-04-12,21074,20294
2025-04-13,15954,15641
2025-04-14,25766,25268
2025-04-15,28497,27377
2025-04-16,28409,27476
2025-04-17,28418,27368
2025-04-18,29229,27652
2025-04-19,20704,19475
2025-04-20,18300,17677
2025-04-21,27493,26661
2025-04-22,26680,25700
2025-04-23,28690,27793
2025-04-24,28354,27688
2025-04-25,29187,27738
2025-04-26,23279,21467
2025-04-27,17862,17349
2025-04-28,27815,26838
2025-04-29,28301,27288
2025-04-30,29299,27738
2025-05-01,18846,17826
2025-05-02,27069,25226
2025-05-03,20057,18164
2025-05-04,18212,16721
2025-05-05,17213,16263
2025-05-06,16618,16738
2025-05-07,27988,27420
2025-05-08,28127,27210
2025-05-09,27599,26398
2025-05-10,20460,19315
2025-05-11,17897,17272
2025-05-12,27913,26961
2025-05-13,28421,27576
2025-05-14,28638,27573
2025-05-15,27842,26650
2025-05-16,27742,26874
2025-05-17,22714,20896
2025-05-18,18241,17603
2025-05-19,27287,26545
2025-05-20,28427,27286
2025-05-21,28163,27075
2025-05-22,29484,28001
2025-05-23,29985,28317
2025-05-24,25259,23424
2025-05-25,21989,20747
2025-05-26,29163,27910
2025-05-27,29633,28620
2025-05-28,29600,28690
2025-05-29,29542,28257
2025-05-30,30178,28699
2025-05-31,25090,23198
2025-06-01,19396,18596
2025-06-02,27758,26640
2025-06-03,20663,19466
2025-06-04,28350,27654
2025-06-05,29741,27811
2025-06-06,21624,19616
2025-06-07,21710,20463
2025-06-08,17557,17253
2025-06-09,27662,26780
2025-06-10,28557,27659
2025-06-11,28597,27643
2025-06-12,28320,27352
2025-06-13,28904,27572
2025-06-14,23807,21802
2025-06-15,18104,17413
2025-06-16,26806,25833
2025-06-17,28465,27422
2025-06-18,28465,27282
2025-06-19,27948,26844
2025-06-20,26529,25268
2025-06-21,22816,20752
2025-06-22,17905,17197
2025-06-23,27531,26616
2025-06-24,27514,26749
2025-06-25,27230,26382
2025-06-26,28027,26771
2025-06-27,28363,27031
2025-06-28,21523,19876
2025-06-29,16938,16229
2025-06-30,26705,25762
2025-07-01,26842,25940
2025-07-02,27287,26242
2025-07-03,27194,26055
2025-07-04,28137,26479
2025-07-05,21430,19712
2025-07-06,16876,15978
2025-07-07,26435,25458
2025-07-08,26175,25427
2025-07-09,26593,25724
2025-07-10,26549,25518
2025-07-11,27225,25607
2025-07-12,20626,19169
2025-07-13,16143,15450
2025-07-14,25919,25364
2025-07-15,26724,25923
2025-07-16,25918,25463
2025-07-17,25558,24525
2025-07-18,27289,25660
2025-07-19,20462,18975
2025-07-20,16780,16135
2025-07-21,26314,25418
2025-07-22,26831,25864
2025-07-23,26549,25756
2025-07-24,26692,25664
2025-07-25,27057,25590
2025-07-26,19874,18195
2025-07-27,15318,14955
2025-07-28,25079,24086
2025-07-29,25431,24559
2025-07-30,25590,24559
2025-07-31,25186,24054
2025-08-01,25311,23426
2025-08-02,18654,17214
2025-08-03,14798,14503
2025-08-04,24399,23377
2025-08-05,25332,24269
2025-08-06,24828,23907
2025-08-07,25901,24802
2025-08-08,26858,25164
2025-08-09,20214,18580
2025-08-10,15831,15345
2025-08-11,25964,24706
2025-08-12,26327,25243
2025-08-13,24747,23763
2025-08-14,25884,24020
2025-08-15,18091,16106
2025-08-16,19028,17779
2025-08-17,15258,15280
2025-08-18,25231,24320
2025-08-19,26226,25357
2025-08-20,26363,25424
2025-08-21,26349,25411
2025-08-22,26982,25162
2025-08-23,21018,19241
2025-08-24,16200,15750
2025-08-25,25598,24633
2025-08-26,26151,25226
2025-08-27,27040,25731
2025-08-28,26422,25419
2025-08-29,26922,25382
2025-08-30,20745,19148
2025-08-31,16115,15602
2025-09-01,25972,24919
2025-09-02,27067,26264
2025-09-03,27259,26314
2025-09-04,27036,25871
2025-09-05,27799,26112
2025-09-06,20440,18932
2025-09-07,16596,15961
2025-09-08,26731,25755
2025-09-09,27369,26533
2025-09-10,27670,26604
2025-09-11,27391,26523
2025-09-12,27885,26721
2025-09-13,21795,19879
2025-09-14,17912,16989
2025-09-15,27043,25991
2025-09-16,26844,26018
2025-09-17,26782,25771
2025-09-18,28025,26946
2025-09-19,27758,26452
2025-09-20,22714,20872
2025-09-21,17950,17183
2025-09-22,27635,26592
2025-09-23,28060,27025
2025-09-24,26733,26161
2025-09-25,27842,26849
2025-09-26,28647,26872
2025-09-27,23445,21951
2025-09-28,16295,15498
2025-09-29,27311,26510
2025-09-30,27812,26601
2025-10-01,27995,26718
2025-10-02,28813,26369
2025-10-03,18461,15787
2025-10-04,17418,14933
2025-10-05,12947,10967
2025-10-06,9974,9683
2025-10-07,11506,11476
2025-10-08,15624,15385
2025-10-09,15716,15727
2025-10-10,22900,22323
2025-10-11,19054,18116
2025-10-12,16175,15458
2025-10-13,26028,25135
2025-10-14,27346,26330
2025-10-15,27731,26786
2025-10-16,27586,26612
2025-10-17,28257,26881
2025-10-18,22512,20653
2025-10-19,18138,17392
2025-10-20,27318,26467
2025-10-21,27899,26854
2025-10-22,27853,26976
2025-10-23,27914,26928
2025-10-24,28679,27171
2025-10-25,23329,21522
2025-10-26,17700,16864
2025-10-27,26733,26044
2025-10-28,27454,26422
2025-10-29,27949,26975
2025-10-30,27946,26925
2025-10-31,28663,26794
2025-11-01,22707,21338
2025-11-02,17691,17055
2025-11-03,26566,25813
2025-11-04,27515,26591
2025-11-05,28154,27074
2025-11-06,27588,26464
2025-11-07,28057,26566
2025-11-08,22482,20728
2025-11-09,17368,16789
2025-11-10,26731,25697
2025-11-11,27394,26426
2025-11-12,27844,26926
2025-11-13,27287,26231
2025-11-14,27803,26158
2025-11-15,22700,20787
2025-11-16,17641,16899
2025-11-17,26433,25740
2025-11-18,26824,25956
2025-11-19,27185,26220
2025-11-20,27611,26391
2025-11-21,27983,26339
2025-11-22,22219,20596
2025-11-23,17002,16407
2025-11-24,26719,25895
2025-11-25,27084,26048
2025-11-26,27404,26498
2025-11-27,26390,25319
2025-11-28,27909,26116
2025-11-29,22125,20278
2025-11-30,17456,16789
2025-12-01,26658,25793
2025-12-02,26941,26049
2025-12-03,26211,25606
2025-12-04,26609,26422
2025-12-05,27521,25835
2025-12-06,21620,20328
2025-12-07,17405,16708
2025-12-08,26459,25606
2025-12-09,27199,26217
2025-12-10,27413,26759
2025-12-11,27092,26065
2025-12-12,27868,26390
2025-12-13,21744,20489
2025-12-14,17540,17003
2025-12-15,26507,25588
2025-12-16,26422,25666
2025-12-17,27729,26796
2025-12-18,27694,26548
2025-12-19,28387,26827
2025-12-20,22693,21093
2025-12-21,17870,17230
2025-12-22,26845,26104
2025-12-23,26679,26105
2025-12-24,28168,26591
2025-12-25,17735,16736
2025-12-26,24276,23217
2025-12-27,20763,19248
2025-12-28,16766,16129
2025-12-29,25992,25049
2025-12-30,26306,25247
2025-12-31,26583,24025
2026-01-01,11492,11880
2026-01-02,23315,22236
2026-01-03,18748,17668
2026-01-04,15413,15049
2026-01-05,25660,25043
2026-01-06,26028,25256
2026-01-07,26362,25667
2026-01-08,25512,24772
2026-01-09,26742,25383
2026-01-10,20133,19196
2026-01-11,15448,14794
2026-01-12,25349,24886
2026-01-13,31796,30719
2026-01-14,32447,31637
2026-01-15,26576,25442
2026-01-16,27221,25982
2026-01-17,21422,20158
2026-01-18,16201,15804
2026-01-19,25765,25098
2026-01-20,25100,24386
2026-01-21,25161,24749
2026-01-22,24745,24068
2026-01-23,26259,25255
2026-01-24,20404,18740
2026-01-25,15679,15059
2026-01-26,25159,24516
2026-01-27,25732,25174
2026-01-28,25691,25030
2026-01-29,25784,24944
2026-01-30,26263,25102
2026-01-31,20319,18990
2026-02-01,16031,15608
2026-02-02,25935,25099
2026-02-03,26164,25455
2026-02-04,26484,25642
2026-02-05,26866,25951
2026-02-06,26632,25367
2026-02-07,20119,19038
2026-02-08,15179,14835
2026-02-09,25882,25150
2026-02-10,26333,25508
2026-02-11,26930,25859
2026-02-12,26797,25674
2026-02-13,27468,25226
2026-02-14,19272,16599
2026-02-15,14964,12838
2026-02-16,11551,10231
2026-02-17,10426,11367
2026-02-18,12656,13816
2026-02-19,24268,24080
2026-02-20,26136,25097
2026-02-21,21339,20065
2026-02-22,16228,15626
2026-02-23,26259,25598
2026-02-24,26529,25861
2026-02-25,27505,26552
2026-02-26,27109,26224
2026-02-27,27867,26615
2026-02-28,22645,20977
2026-03-01,17820,16679
2026-03-02,14807,14636
2026-03-03,26756,25844
2026-03-04,27295,26571
2026-03-05,26981,26350
2026-03-06,27647,26344
2026-03-07,21831,20444
2026-03-08,17028,16481
2026-03-09,26805,26048
2026-03-10,27489,26781
2026-03-11,27480,26922
2026-03-12,27489,26661
2026-03-13,28379,26893
2026-03-14,22969,21619
2026-03-15,17381,16560
2026-03-16,26842,25954
2026-03-17,27545,26629
2026-03-18,26878,26051
2026-03-19,27573,26888
2026-03-20,28711,27258
2026-03-21,23140,21374
2026-03-22,17718,17069
2026-03-23,27224,26143
2026-03-24,27994,26989
2026-03-25,27955,27352
2026-03-26,27894,26905
2026-03-27,28740,27359
2026-03-28,23232,21657
2026-03-29,18120,17395
2026-03-30,26870,26156
2026-03-31,27969,26945
2026-04-01,28288,27776
2026-04-02,28584,27843
2026-04-03,29673,28497
2026-04-04,24604,23105
2026-04-05,19560,19112
2026-04-06,27185,26332
2026-04-07,27988,27401
2026-04-08,28583,27887
2026-04-09,26323,25845
2026-04-10,28357,27100
2026-04-11,23498,21627
2026-04-12,18287,17406
2026-04-13,27663,26649
2026-04-14,28134,27193
2026-04-15,28298,27533
2026-04-16,28140,26931
2026-04-17,28750,27421
2026-04-18,23530,21678
2026-04-19,18217,17689
2026-04-20,26874,25990
2026-04-21,27903,27004
2026-04-22,28092,27299
2026-04-23,28119,27281
2026-04-24,28914,27420
2026-04-25,23363,21595
2026-04-26,18519,17673
2026-04-27,27149,26406
2026-04-28,27892,26995
2026-04-29,28487,27772
2026-04-30,28888,27256
2026-05-01,20972,19103
2026-05-02,20991,19500
2026-05-03,15811,15672
2026-05-04,25746,24540
2026-05-05,18609,17962
2026-05-06,28208,27671
2026-05-07,27383,26794
2026-05-08,28757,27216
2026-05-09,22760,21285
2026-05-10,18268,17594
2026-05-11,26508,25976
2026-05-12,27927,26912
2026-05-13,28635,27722
2026-05-14,27871,27178
2026-05-15,29282,27668
2026-05-16,23269,21538
2026-05-17,18329,17399
2026-05-18,27269,27317
2026-05-19,28062,27096
2026-05-20,26358,25957
2026-05-21,27537,26273
2026-05-22,29278,27447
2026-05-23,22493,20734
2026-05-24,19709,18429
2026-05-25,17456,16960
2026-05-26,26527,25852
2026-05-27,27636,26763
2026-05-28,27639,26473
2026-05-29,28740,27081
2026-05-30,22834,20876
2026-05-31,17648,16832
2026-06-01,27069,26197
2026-06-02,27820,26328
2026-06-03,18069,17019
2026-06-04,26644,26019
2026-06-05,28073,26455
2026-06-06,20873,19170
2026-06-07,17061,16517
2026-06-08,26890,25982
2026-06-09,27670,26696
2026-06-10,28137,27073
2026-06-11,27606,26788
2026-06-12,28065,26660
2026-06-13,22755,21004
2026-06-14,16877,16569
2026-06-15,26991,25829
2026-06-16,27168,26239
2026-06-17,27569,26582
2026-06-18,27464,26258
2026-06-19,27534,26102
2026-06-20,20603,18850
2026-06-21,17927,17073
2026-06-22,26556,25903
2026-06-23,27357,26527
2026-06-24,27697,26812
2026-06-25,27145,25919
2026-06-26,28514,26717
2026-06-27,22324,20535
2026-06-28,17186,16303
2026-06-29,26492,25564
2026-06-30,26931,25909
