일시,폭염특보
2024-07-01,없음
2024-07-02,없음
2024-07-03,없음
2024-07-04,없음
2024-07-05,없음
2024-07-06,없음
2024-07-07,없음
2024-07-08,없음
2024-07-09,없음
2024-07-10,경보
2024-07-11,경보
2024-07-12,경보
2024-07-13,경보
2024-07-14,경보
2024-07-15,경보
2024-07-16,없음
2024-07-17,없음
2024-07-18,없음
2024-07-19,없음
2024-07-20,없음
2024-07-21,없음
2024-07-22,경보
2024-07-23,경보
2024-07-24,경보
2024-07-25,경보
2024-07-26,경보
2024-07-27,경보
2024-07-28,경보
2024-07-29,경보
2024-07-30,경보
2024-07-31,경보
2024-08-01,경보
2024-08-02,경보
2024-08-03,경보
2024-08-04,경보
2024-08-05,경보
2024-08-06,경보
2024-08-07,경보
2024-08-08,경보
2024-08-09,경보
2024-08-10,경보
2024-08-11,경보
2024-08-12,경보
2024-08-13,경보
2024-08-14,경보
2024-08-15,경보
2024-08-16,경보
2024-08-17,경보
2024-08-18,경보
2024-08-19,경보
2024-08-20,경보
2024-08-21,경보
2024-08-22,경보
2024-08-23,경보
2024-08-24,경보
2024-08-25,경보
2024-08-26,경보
2024-08-27,경보
2024-08-28,경보
2024-08-29,경보
2024-08-30,경보
2024-08-31,경보
2024-09-01,없음
2024-09-02,없음
2024-09-03,없음
2024-09-04,없음
2024-09-05,없음
2024-09-06,없음
2024-09-07,없음
2024-09-08,경보
2024-09-09,경보
2024-09-10,경보
2024-09-11,경보
2024-09-12,경보
2024-09-13,없음
2024-09-14,없음
2024-09-15,경보
2024-09-16,경보
2024-09-17,경보
2024-09-18,경보
2024-09-19,경보
2024-09-20,없음
2024-09-21,없음
2024-09-22,없음
2024-09-23,없음
2024-09-24,없음
2024-09-25,없음
2024-09-26,없음
2024-09-27,없음
2024-09-28,없음
2024-09-29,없음
2024-09-30,없음
2025-05-01,없음
2025-05-02,없음
2025-05-03,없음
2025-05-04,없음
2025-05-05,없음
2025-05-06,없음
2025-05-07,없음
2025-05-08,없음
2025-05-09,없음
2025-05-10,없음
2025-05-11,없음
2025-05-12,없음
2025-05-13,없음
2025-05-14,없음
2025-05-15,없음
2025-05-16,없음
2025-05-17,없음
2025-05-18,없음
2025-05-19,없음
2025-05-20,없음
2025-05-21,없음
2025-05-22,없음
2025-05-23,없음
2025-05-24,없음
2025-05-25,없음
2025-05-26,없음
2025-05-27,없음
2025-05-28,없음
2025-05-29,없음
2025-05-30,없음
2025-05-31,없음
2025-06-01,없음
2025-06-02,없음
2025-06-03,없음
2025-06-04,없음
2025-06-05,없음
2025-06-06,없음
2025-06-07,없음
2025-06-08,없음
2025-06-09,없음
2025-06-10,없음
2025-06-11,없음
2025-06-12,없음
2025-06-13,없음
2025-06-14,없음
2025-06-15,없음
2025-06-16,없음
2025-06-17,없음
2025-06-18,없음
2025-06-19,없음
2025-06-20,없음
2025-06-21,없음
2025-06-22,없음
2025-06-23,없음
2025-06-24,없음
2025-06-25,없음
2025-06-26,없음
2025-06-27,없음
2025-06-28,없음
2025-06-29,없음
2025-06-30,경보
2025-07-01,경보
2025-07-02,경보
2025-07-03,경보
2025-07-04,경보
2025-07-05,경보
2025-07-06,경보
2025-07-07,경보
2025-07-08,경보
2025-07-09,경보
2025-07-10,경보
2025-07-11,경보
2025-07-12,경보
2025-07-13,경보
2025-07-14,없음
2025-07-15,없음
2025-07-16,없음
2025-07-17,없음
2025-07-18,없음
2025-07-19,없음
2025-07-20,없음
2025-07-21,경보
2025-07-22,경보
2025-07-23,경보
2025-07-24,경보
2025-07-25,경보
2025-07-26,경보
2025-07-27,경보
2025-07-28,경보
2025-07-29,경보
2025-07-30,경보
2025-07-31,경보
2025-08-01,경보
2025-08-02,경보
2025-08-03,경보
2025-08-04,경보
2025-08-05,경보
2025-08-06,경보
2025-08-07,없음
2025-08-08,없음
2025-08-09,없음
2025-08-10,없음
2025-08-11,없음
2025-08-12,없음
2025-08-13,없음
2025-08-14,없음
2025-08-15,경보
2025-08-16,경보
2025-08-17,경보
2025-08-18,경보
2025-08-19,경보
2025-08-20,경보
2025-08-21,경보
2025-08-22,경보
2025-08-23,경보
2025-08-24,경보
2025-08-25,경보
2025-08-26,없음
2025-08-27,경보
2025-08-28,경보
2025-08-29,경보
2025-08-30,경보
2025-08-31,경보
2025-09-01,없음
2025-09-02,없음
2025-09-03,없음
2025-09-04,없음
2025-09-05,경보
2025-09-06,경보
2025-09-07,없음
2025-09-08,없음
2025-09-09,없음
2025-09-10,없음
2025-09-11,없음
2025-09-12,없음
2025-09-13,없음
2025-09-14,없음
2025-09-15,없음
2025-09-16,없음
2025-09-17,없음
2025-09-18,없음
2025-09-19,없음
2025-09-20,없음
2025-09-21,없음
2025-09-22,없음
2025-09-23,없음
2025-09-24,없음
2025-09-25,없음
2025-09-26,없음
2025-09-27,없음
2025-09-28,없음
2025-09-29,없음
2025-09-30,없음
2026-05-01,없음
2026-05-02,없음
2026-05-03,없음
2026-05-04,없음
2026-05-05,없음
2026-05-06,없음
2026-05-07,없음
2026-05-08,없음
2026-05-09,없음
2026-05-10,없음
2026-05-11,없음
2026-05-12,없음
2026-05-13,없음
2026-05-14,없음
2026-05-15,없음
2026-05-16,없음
2026-05-17,없음
2026-05-18,없음
2026-05-19,없음
2026-05-20,없음
2026-05-21,없음
2026-05-22,없음
2026-05-23,없음
2026-05-24,없음
2026-05-25,없음
2026-05-26,없음
2026-05-27,없음
2026-05-28,없음
2026-05-29,없음
2026-05-30,없음
2026-05-31,없음
2026-06-01,없음
2026-06-02,없음
2026-06-03,없음
2026-06-04,없음
2026-06-05,없음
2026-06-06,없음
2026-06-07,없음
2026-06-08,없음
2026-06-09,없음
2026-06-10,없음
2026-06-11,없음
2026-06-12,없음
2026-06-13,없음
2026-06-14,없음
2026-06-15,없음
2026-06-16,없음
2026-06-17,없음
2026-06-18,경보
2026-06-19,경보
2026-06-20,없음
2026-06-21,없음
2026-06-22,없음
2026-06-23,없음
2026-06-24,없음
2026-06-25,없음
2026-06-26,없음
2026-06-27,없음
2026-06-28,없음
2026-06-29,경보
2026-06-30,경보
