일시,한파특보
2024-11-01,없음
2024-11-02,없음
2024-11-03,없음
2024-11-04,없음
2024-11-05,없음
2024-11-06,없음
2024-11-07,없음
2024-11-08,없음
2024-11-09,없음
2024-11-10,없음
2024-11-11,없음
2024-11-12,없음
2024-11-13,없음
2024-11-14,없음
2024-11-15,없음
2024-11-16,없음
2024-11-17,없음
2024-11-18,없음
2024-11-19,없음
2024-11-20,없음
2024-11-21,없음
2024-11-22,없음
2024-11-23,없음
2024-11-24,없음
2024-11-25,없음
2024-11-26,없음
2024-11-27,없음
2024-11-28,없음
2024-11-29,없음
2024-11-30,없음
2024-12-01,없음
2024-12-02,없음
2024-12-03,없음
2024-12-04,없음
2024-12-05,없음
2024-12-06,없음
2024-12-07,없음
2024-12-08,없음
2024-12-09,없음
2024-12-10,없음
2024-12-11,없음
2024-12-12,없음
2024-12-13,없음
2024-12-14,없음
2024-12-15,없음
2024-12-16,없음
2024-12-17,없음
2024-12-18,없음
2024-12-19,없음
2024-12-20,없음
2024-12-21,없음
2024-12-22,없음
2024-12-23,없음
2024-12-24,없음
2024-12-25,없음
2024-12-26,없음
2024-12-27,없음
2024-12-28,없음
2024-12-29,없음
2024-12-30,없음
2024-12-31,없음
2025-01-01,없음
2025-01-02,없음
2025-01-03,없음
2025-01-04,없음
2025-01-05,없음
2025-01-06,없음
2025-01-07,없음
2025-01-08,주의보
2025-01-09,주의보
2025-01-10,주의보
2025-01-11,주의보
2025-01-12,없음
2025-01-13,없음
2025-01-14,없음
2025-01-15,없음
2025-01-16,없음
2025-01-17,없음
2025-01-18,없음
2025-01-19,없음
2025-01-20,없음
2025-01-21,없음
2025-01-22,없음
2025-01-23,없음
2025-01-24,없음
2025-01-25,없음
2025-01-26,없음
2025-01-27,없음
2025-01-28,없음
2025-01-29,없음
2025-01-30,없음
2025-01-31,없음
2025-02-01,없음
2025-02-02,없음
2025-02-03,경보
2025-02-04,경보
2025-02-05,경보
2025-02-06,경보
2025-02-07,경보
2025-02-08,경보
2025-02-09,주의보
2025-02-10,없음
2025-02-11,없음
2025-02-12,없음
2025-02-13,없음
2025-02-14,없음
2025-02-15,없음
2025-02-16,없음
2025-02-17,없음
2025-02-18,없음
2025-02-19,없음
2025-02-20,없음
2025-02-21,없음
2025-02-22,없음
2025-02-23,없음
2025-02-24,없음
2025-02-25,없음
2025-02-26,없음
2025-02-27,없음
2025-02-28,없음
2025-03-01,없음
2025-03-02,없음
2025-03-03,없음
2025-03-04,없음
2025-03-05,없음
2025-03-06,없음
2025-03-07,없음
2025-03-08,없음
2025-03-09,없음
2025-03-10,없음
2025-03-11,없음
2025-03-12,없음
2025-03-13,없음
2025-03-14,없음
2025-03-15,없음
2025-03-16,없음
2025-03-17,없음
2025-03-18,없음
2025-03-19,없음
2025-03-20,없음
2025-03-21,없음
2025-03-22,없음
2025-03-23,없음
2025-03-24,없음
2025-03-25,없음
2025-03-26,없음
2025-03-27,없음
2025-03-28,없음
2025-03-29,없음
2025-03-30,없음
2025-03-31,없음
2025-04-01,없음
2025-04-02,없음
2025-04-03,없음
2025-04-04,없음
2025-04-05,없음
2025-04-06,없음
2025-04-07,없음
2025-04-08,없음
2025-04-09,없음
2025-04-10,없음
2025-04-11,없음
2025-04-12,없음
2025-04-13,없음
2025-04-14,없음
2025-04-15,없음
2025-04-16,없음
2025-04-17,없음
2025-04-18,없음
2025-04-19,없음
2025-04-20,없음
2025-04-21,없음
2025-04-22,없음
2025-04-23,없음
2025-04-24,없음
2025-04-25,없음
2025-04-26,없음
2025-04-27,없음
2025-04-28,없음
2025-04-29,없음
2025-04-30,없음
2025-11-01,없음
2025-11-02,주의보
2025-11-03,주의보
2025-11-04,없음
2025-11-05,없음
2025-11-06,없음
2025-11-07,없음
2025-11-08,없음
2025-11-09,없음
2025-11-10,없음
2025-11-11,없음
2025-11-12,없음
2025-11-13,없음
2025-11-14,없음
2025-11-15,없음
2025-11-16,없음
2025-11-17,없음
2025-11-18,없음
2025-11-19,없음
2025-11-20,없음
2025-11-21,없음
2025-11-22,없음
2025-11-23,없음
2025-11-24,없음
2025-11-25,없음
2025-11-26,없음
2025-11-27,없음
2025-11-28,없음
2025-11-29,없음
2025-11-30,없음
2025-12-01,없음
2025-12-02,주의보
2025-12-03,주의보
2025-12-04,주의보
2025-12-05,없음
2025-12-06,없음
2025-12-07,없음
2025-12-08,없음
2025-12-09,없음
2025-12-10,없음
2025-12-11,없음
2025-12-12,없음
2025-12-13,없음
2025-12-14,없음
2025-12-15,없음
2025-12-16,없음
2025-12-17,없음
2025-12-18,없음
2025-12-19,없음
2025-12-20,없음
2025-12-21,없음
2025-12-22,없음
2025-12-23,없음
2025-12-24,없음
2025-12-25,주의보
2025-12-26,주의보
2025-12-27,주의보
2025-12-28,없음
2025-12-29,없음
2025-12-30,없음
2025-12-31,주의보
2026-01-01,주의보
2026-01-02,주의보
2026-01-03,주의보
2026-01-04,없음
2026-01-05,없음
2026-01-06,없음
2026-01-07,없음
2026-01-08,없음
2026-01-09,없음
2026-01-10,없음
2026-01-11,없음
2026-01-12,없음
2026-01-13,없음
2026-01-14,없음
2026-01-15,없음
2026-01-16,없음
2026-01-17,없음
2026-01-18,없음
2026-01-19,없음
2026-01-20,없음
2026-01-21,없음
2026-01-22,없음
2026-01-23,없음
2026-01-24,없음
2026-01-25,없음
2026-01-26,없음
2026-01-27,없음
2026-01-28,없음
2026-01-29,없음
2026-01-30,없음
2026-01-31,없음
2026-02-01,없음
2026-02-02,없음
2026-02-03,없음
2026-02-04,없음
2026-02-05,없음
2026-02-06,없음
2026-02-07,없음
2026-02-08,없음
2026-02-09,없음
2026-02-10,없음
2026-02-11,없음
2026-02-12,없음
2026-02-13,없음
2026-02-14,없음
2026-02-15,없음
2026-02-16,없음
2026-02-17,없음
2026-02-18,없음
2026-02-19,없음
2026-02-20,없음
2026-02-21,없음
2026-02-22,없음
2026-02-23,없음
2026-02-24,없음
2026-02-25,없음
2026-02-26,없음
2026-02-27,없음
2026-02-28,없음
2026-03-01,없음
2026-03-02,없음
2026-03-03,없음
2026-03-04,없음
2026-03-05,없음
2026-03-06,없음
2026-03-07,없음
2026-03-08,없음
2026-03-09,없음
2026-03-10,없음
2026-03-11,없음
2026-03-12,없음
2026-03-13,없음
2026-03-14,없음
2026-03-15,없음
2026-03-16,없음
2026-03-17,없음
2026-03-18,없음
2026-03-19,없음
2026-03-20,없음
2026-03-21,없음
2026-03-22,없음
2026-03-23,없음
2026-03-24,없음
2026-03-25,없음
2026-03-26,없음
2026-03-27,없음
2026-03-28,없음
2026-03-29,없음
2026-03-30,없음
2026-03-31,없음
2026-04-01,없음
2026-04-02,없음
2026-04-03,없음
2026-04-04,없음
2026-04-05,없음
2026-04-06,없음
2026-04-07,없음
2026-04-08,없음
2026-04-09,없음
2026-04-10,없음
2026-04-11,없음
2026-04-12,없음
2026-04-13,없음
2026-04-14,없음
2026-04-15,없음
2026-04-16,없음
2026-04-17,없음
2026-04-18,없음
2026-04-19,없음
2026-04-20,없음
2026-04-21,없음
2026-04-22,없음
2026-04-23,없음
2026-04-24,없음
2026-04-25,없음
2026-04-26,없음
2026-04-27,없음
2026-04-28,없음
2026-04-29,없음
2026-04-30,없음
