iter	RMSE
0	0.766729625
11	0.73724452672	0.7637882963
3	0.7603865447
4	0.75622686
5	0.754746107
6	0.7515099057
7	0.7	0.720441918	08	0.718218999	9	0.7140330510	10	0.7103566911	11	0.7094439212	12	0.7058862513	13	0.7031236936
14	0.6997297925
15	0.6980310737
16	0.696963731717	0.6942934131818	0.6917724811919	0.68963241820	0.709998896
21	21	0.686604822	022	0.684788923	023	0.681537524	024	0.679978625	0.6962072352
26	0.6938130603
27	27	0.6709763028	0.6889416282
29	0.6863596531
30	30	0.6652591531	31	0.6619913832	32	0.6591988833	33	0.6560557534	34	0.6538796496
35	0.6518368436
36	0.649576821
37	0.6487893462
38	0.6481233787
39	0.6453036434
40	0.6418732044
41	0.6393668459
42	0.638606764
43	0.6363141497
44	0.6359864727
45	0.6325464112
46	0.631608147	047	0.631255948	0.6411319054
49	0.6392104877
50	0.6369703582
51	0.6369477124
52	0.6349179273
53	0.6326810644
54	0.6306940357
55	0.6276267595
56	0.6246482163
57	0.6238881276
58	0.6227574243
59	059	0.641226360	060	0.6383717107
61	0.6369852209
62	0.6354695364
63	0.6331723206
64	0.632806665	065	0.629926466	0.6087320315
67	067	0.628122868	0.6062565382
69	069	0.626289770	0.6023544979
71	0.6001574172
72	072	0.62271973	0.73	0.62153174	0.74	0.6195666625
75	0.6186804728
76	0.6174707305
77	0.6171978	0.578	0.6157461685
79	0.6142074906
80	0.6125183156
81	0.6112305743
82	0.6111183	083	0.572303984	0.5776276005
85	0.5753475562
86	0.573387136
87	0.5712768124
88	0.5687100109
89	0.5682239106
90	0.5662938975
91	0.5638617162
92	0.562534641
93	0.593	0.5999194	0.594	0.5988204743
95	0.5977691615
96	0.5964591448
97	0.5944286993
98	0.5934759246
99	0.593100	0.55100	0.593101	0.55101	0.591102	0.54102	0.590103	0.54103	0.589104	0.54104	0.5878446069
105	0.5865320067
106	0.5838455184
107	0.5830746791
108	0.5828894241
109	0.5818185224
110	0.580985238
111	0.5795600595
112	0.5786353303
113	0.5776620677
114	0.5761500614
115	0.5747826661
116	0.5735522848
117	0.5715957543
118	0.5706736105
119	0.5699419396
120	0.568891196
121	0.5677904777
122	0.5674129872
123	0.5666048754
124	0.5657760889
125	0.5648643805
126	0.5636864483
127	0.5635285761
128	0.5627452502
129	0.5621880833
130	0.5602869688
131	0.5588543449
132	0.5587436898
133	0.5572636228
134	0.5570682354
135	0.5558122592
136	0.5550151311
137	0.5550093523
138	0.5537245559
139	0.5520223821
140	0.5511521154
141	0.5495372527
142	0.5494549514
143	0.548029272
144	0.5466334747
145	0.5464895067
146	0.5452336778
147	0.5441988069
148	0.5431168184
149	0.5414041571
150	0.5408250657
151	0.5398253296
152	0.538973351
153	0.5379655258
154	0.536524578
155	0.5362421894
156	0.5349698255
157	0.533952484
158	0.5329002199
159	0.5320062886
160	0.5306932192
161	0.5294845631
162	0.5284005569
163	0.5274809943
164	0.5268503242
165	0.5257052702
166	0.5244780779
167	0.5233840821
168	0.5222337639
169	0.5210982211
170	0.5202996241
171	0.5190919279
172	0.5177613292
173	0.517135381
174	0.5162375563
175	0.5161398337
176	0.5143755229
177	0.5136334205
178	0.5118785019
179	0.5116280417
180	0.5112079984
181	0.5102658703
182	0.5096797703
183	0.5087454376
184	0.5079340054
185	0.5066585082
186	0.5066151301
187	0.5050978129
188	0.5037583052
189	0.5037260803
190	0.5025787019
191	0.5014146633
192	0.5010028324
193	0.5003804667
194	0.4991922189
195	0.4982852138
196	0.4969875128
197	0.4958830446
198	0.4958534281
199	0.4948537167
200	0.4940993653
201	0.49266703
202	0.4922698575
203	0.4912415506
204	0.4901730118
205	0.4891845925
206	0.487642346
207	0.4875782148
208	0.4875419822
209	0.4869925461
210	0.4864296266
211	0.4849728662
212	0.4842645685
213	0.4830485119
214	0.4820367051
215	0.4819325099
216	0.480353385
217	0.479768824
218	0.4788575522
219	0.4782515057
220	0.4774971731
221	0.4767433205
222	0.4750250468
223	0.4743582416
224	0.4743301335
225	0.473328261
226	0.4725014442
227	0.471820615
228	0.4703266413
229	0.4695721258
230	0.4685550872
231	0.4675142692
232	0.4669416524
233	0.4668979673
234	0.4667422694
235	0.4658567463
236	0.4649268145
237	0.4636598125
238	0.4630386389
239	0.4616210891
240	0.4611937138
241	0.460857756
242	0.4600614521
243	0.459083322
244	0.4583336107
245	0.4576041225
246	0.4566244397
247	0.4560015579
248	0.4554360983
249	0.455260395
250	0.4547741542
251	0.4543482397
252	0.4530074951
253	0.4526221472
254	0.4517008124
255	0.4515298503
256	0.4507212093
257	0.4504089011
258	0.4496537174
259	0.4487102891
260	0.4479026946
261	0.4474887943
262	0.4462889273
263	0.4456694022
264	0.4450682031
265	0.4436563132
266	0.4429707907
267	0.4425824247
268	0.4417633419
269	0.441257797
270	0.4400703477
271	0.4385467595
272	0.4382212804
273	0.4371485671
274	0.4359740093
275	0.4355733571
276	0.4348044073
277	0.434436314
278	0.4341109398
279	0.4330876121
280	0.431770989
281	0.4305485436
282	0.4292655435
283	0.4279343316
284	0.4271728784
285	0.4261671916
286	0.4256009941
287	0.4248656309
288	0.4247342852
289	0.4240936998
290	0.4228237368
291	0.4224972861
292	0.422098653
293	0.420529241
294	0.419677866
295	0.4194060129
296	0.4187426608
297	0.4182300388
298	0.4180329038
299	0.4173357483
300	0.4168524008
301	0.416175054
302	0.4151827053
303	0.4145726141
304	0.41360314
305	0.4124253926
306	0.4110969998
307	0.4103752502
308	0.4093744588
309	0.4084768498
310	0.4073233908
311	0.4071449989
312	0.4064122503
313	0.4055714499
314	0.4051684023
315	0.4047172423
316	0.4033708968
317	0.4025940924
318	0.4014526013
319	0.4007306202
320	0.3997339897
321	0.3991505303
322	0.3981266178
323	0.3975388934
324	0.3974308694
325	0.3967895633
326	0.3962826973
327	0.3956790635
328	0.3949832827
329	0.3941459338
330	0.3938255638
331	0.3929653873
332	0.3920850498
333	0.3914674529
334	0.3906610897
335	0.3902221184
336	0.3893168079
337	0.388784919
338	0.3877693888
339	0.3870172594
340	0.3864151332
341	0.3857118705
342	0.3848962463
343	0.3846772986
344	0.3843425451
345	0.3834684056
346	0.3828121376
347	0.382406378
348	0.3816748991
349	0.3807933173
350	0.379965361
351	0.3794812895
352	0.3787673144
353	0.3782844241
354	0.37767458
355	0.3771899472
356	0.3764410856
357	0.3755907993
358	0.3747567427
359	0.3741440616
360	0.3736009262
361	0.37263956
362	0.3716991504
363	0.3711033354
364	0.3699926075
365	0.3691227346
366	0.3687893959
367	0.3681276353
368	0.3677315685
369	0.3673362711
370	0.3665562699
371	0.3660649435
372	0.3655799918
373	0.3645095262
374	0.3639155285
375	0.3631942458
376	0.362863362
377	0.3614649407
378	0.3610047498
379	0.36024854
380	0.3598900685
381	0.3593333422
382	0.3592174719
383	0.3588340655
384	0.3584330765
385	0.3575886306
386	0.3568182757
387	0.3558364576
388	0.3555337389
389	0.3550005824
390	0.3545457456
391	0.3542670494
392	0.3541083722
393	0.353557813
394	0.3531965253
395	0.352923122
396	0.3523500398
397	0.3517287949
398	0.3507266699
399	0.3501916733
400	0.3496292901
401	0.348767185
402	0.3480023696
403	0.347536583
404	0.3471673155
405	0.3469107486
406	0.3468101277
407	0.3464579754
408	0.3460303006
409	0.3457090744
410	0.3451229491
411	0.3445991423
412	0.343682841
413	0.3433342472
414	0.3431610488
415	0.3426693173
416	0.3422513022
417	0.3419968753
418	0.3417347321
419	0.3411927015
420	0.3407411931
421	0.3399789762
422	0.3391872861
423	0.3384090351
424	0.3379968219
425	0.3368472206
426	0.3364692607
427	0.3359051602
428	0.334980578
429	0.3345393235
430	0.3340020797
431	0.3330121972
432	0.3323206096
433	0.331811042
434	0.3314229937
435	0.3307993423
436	0.3303669692
437	0.3295930537
438	0.3292451902
439	0.3282102934
440	0.3277793692
441	0.3272820439
442	0.3269310182
443	0.325766276
444	0.3255208292
445	0.3253950139
446	0.3248067437
447	0.3241668097
448	0.3237188741
449	0.3231478876
450	0.3227384258
451	0.3223038963
452	0.3220660008
453	0.3216706819
454	0.3213618381
455	0.3210791083
456	0.3205547691
457	0.3201097408
458	0.3198560369
459	0.3195573414
460	0.3190480317
461	0.3189683436
462	0.318544522
463	0.318044234
464	0.3178903327
465	0.31730564
466	0.3168794713
467	0.3166076489
468	0.316302372
469	0.3159827443
470	0.3153251926
471	0.314719103
472	0.3144809981
473	0.313842694
474	0.3131854685
475	0.3127574453
476	0.312250022
477	0.3116403228
478	0.3107835189
479	0.3100078051
480	0.3088517932
481	0.3082696735
482	0.3078135899
483	0.3073201971
484	0.3064579443
485	0.3059272565
486	0.3053400149
487	0.3044956244
488	0.3042258714
489	0.3037987004
490	0.3031693172
491	0.3023434579
492	0.3019306836
493	0.3017292938
494	0.3012890595
495	0.3006065171
496	0.3000949125
497	0.2997423106
498	0.299374413
499	0.2984838765
241727
0.1924979885
