iter	Passed	Remaining
0	129	64420
1	245	61045
2	373	61913
3	437	54277
4	561	55619
5	589	4855766	718	5062777	821	5054888	909	4960699	1037	50861110	1165	51811111	1206	49065112	1337	50117113	1454	50480
14	1603	51847
15	1718	51992
16	1743	49528117	1869	50069118	1990	50398119	2127	5106320	2201	50206
221	2291	49787222	2392	49608223	2534	50269224	2670	5074525	2812	51279
26	2973	52083
227	3110	5242528	3176	51596
29	3311	51878
330	3433	51952331	3546	51862332	3676	52024333	3807	52191334	3939	52336
35	4064	52391
36	4217	52775
37	4275	51982
38	4336	51261
39	4487	51603
40	4597	51464
41	4741	51704
42	4786	50873
43	4938	51185
44	4978	50336
45	5122	50557
46	5190	50024447	5220	4916448	5347	49218
49	5418	48766
50	5536	48740
51	5567	47967
52	5713	48187
53	5861	48414
54	5994	48499
55	6140	48688
56	6292	48905
57	6330	48244
58	6425	48031
59	6512	47761
60	6657	47912
61	6796	48011
62	6935	48111
63	7076	48209
64	7107	47566
65	7251	47686
66	7297	47161
67	7415	47109
68	7459	46595
69	7609	46744
70	7737	46750
71	7862	46736
72	7946	46481
73	8079	46509
74	8208	46514
75	8353	46601
76	8496	46675
77	8528	46143
78	8668	46198
79	8801	46206
80	8944	46270
81	9038	46074
82	9061	45526
883	9144	4528584	9257	45197
85	9389	45202
86	9521	45197
87	9638	45123
88	9775	45141
89	9829	44777
90	9965	44787
91	10107	44824992	10219	4472493	10284	44421
94	10446	44536
95	10581	44528
96	10723	44550
97	10850	44510
98	10967	44423
99	10991	43964
100	11026	43561
101	11164	43564
102	11316	43618
103	11473	43686
104	11638	43781
105	11818	43929
106	11970	43966
107	12125	44009
108	12174	43671
109	12345	43769
110	12500	43809
111	12652	43833
112	12751	43671
113	12880	43612
114	13034	43636
115	13199	43693
116	13351	43705
117	13515	43753
118	13672	43774
119	13862	43899
120	14013	43893
121	14165	43889
122	14307	43854
123	14467	43870
124	14615	43847
125	14725	43707
126	14865	43660
127	14932	43398
128	15120	43486
129	15217	43312
130	15373	43304
131	15537	43315
132	15606	43065
133	15755	43034
134	15831	42803
135	15978	42767
136	16123	42720
137	16158	42387
138	16273	42265
139	16406	42189
140	16556	42155
141	16688	42072
142	16723	41750
143	16841	41635
144	16965	41537
145	17010	41244
146	17183	41264
147	17294	41132
148	17430	41061
149	17575	41010
150	17712	40939
151	17859	40889
152	18010	40847
153	18155	40791
154	18296	40723
155	18435	40651
156	18564	40557
157	18709	40498
158	18862	40453
159	19034	40447
160	19210	40448
161	19386	40448
162	19556	40431
163	19699	40359
164	19856	40314
165	20000	40241
166	20148	40176
167	20278	40073
168	20404	39963
169	20538	39868
170	20674	39776
171	20810	39685
172	20948	39595
173	21102	39536
174	21251	39467
175	21319	39247
176	21455	39153
177	21586	39049
178	21723	38957
179	21789	38737
180	21899	38595
181	22031	38494
182	22163	38391
183	22299	38296
184	22422	38178
185	22565	38095
186	22596	37821
187	22731	37724
188	22863	37622
189	22886	37340
190	23031	37260
191	23186	37195
192	23352	37146
193	23491	37053
194	23638	36973
195	23774	36874
196	23912	36778
197	24059	36696
198	24078	36420
199	24203	36304
200	24344	36214
201	24469	36098
202	24607	36001
203	24747	35908
204	24893	35822
205	25041	35739
206	25204	35675
207	25247	35442
208	25288	35210
209	25426	35113
210	25571	35024
211	25725	34947
212	25882	34874
213	26047	34811
214	26183	34708
215	26215	34468
216	26354	34370
217	26523	34310
218	26685	34239
219	26843	34164
220	26999	34085
221	27149	33998
222	27319	33935
223	27477	33855
224	27498	33609
225	27666	33542
226	27839	33480
227	27984	33385
228	28134	33294
229	28278	33196
230	28421	33096
231	28556	32987
232	28674	32858
233	28704	32630
234	28780	32454
235	28911	32341
236	29051	32238
237	29206	32151
238	29358	32060
239	29511	31970
240	29621	31834
241	29779	31748
242	29930	31655
243	30071	31550
244	30213	31446
245	30356	31343
246	30496	31237
247	30650	31144
248	30806	31054
249	30958	30958
250	31121	30873
251	31249	30753
252	31378	30634
253	31529	30535
254	31664	30422
255	31737	30249
256	31883	30146
257	32050	30062
258	32204	29966
259	32352	29863
260	32517	29776
261	32660	29668
262	32800	29558
263	32946	29451
264	33098	29351
265	33237	29239
266	33394	29141
267	33549	29042
268	33699	28938
269	33862	28845
270	34034	28760
271	34213	28678
272	34372	28580
273	34524	28476
274	34660	28358
275	34810	28251
276	34967	28150
277	35111	28038
278	35256	27927
279	35401	27815
280	35542	27700
281	35712	27607
282	35851	27490
283	35986	27369
284	36112	27242
285	36222	27103
286	36344	26973
287	36451	26832
288	36501	26650
289	36608	26509
290	36725	26376
291	36845	26246
292	36967	26116
293	37063	25969
294	37179	25836
295	37303	25709
296	37425	25580
297	37556	25457
298	37672	25325
299	37791	25194
300	37912	25065
301	38032	24935
302	38133	24792
303	38251	24662
304	38357	24523
305	38480	24396
306	38596	24264
307	38729	24143
308	38846	24011
309	38976	23889
310	39095	23758
311	39231	23639
312	39361	23516
313	39481	23387
314	39593	23253
315	39716	23126
316	39841	23000
317	39963	22871
318	40092	22748
319	40197	22610
320	40300	22472
321	40434	22352
322	40555	22223
323	40664	22089
324	40712	21922
325	40814	21784
326	40930	21654
327	41052	21527
328	41174	21400
329	41302	21276
330	41417	21146
331	41529	21015
332	41657	20891
333	41769	20759
334	41874	20624
335	41999	20499
336	42120	20373
337	42238	20244
338	42358	20116
339	42480	19990
340	42586	19857
341	42710	19731
342	42824	19601
343	42954	19479
344	43079	19354
345	43200	19227
346	43311	19097
347	43425	18967
348	43542	18839
349	43660	18711
350	43794	18590
351	43917	18465
352	44045	18341
353	44170	18217
354	44286	18088
355	44402	17960
356	44522	17833
357	44642	17707
358	44749	17575
359	44840	17438
360	44955	17309
361	45058	17177
362	45171	17048
363	45290	16921
364	45417	16798
365	45546	16675
366	45662	16548
367	45773	16418
368	45903	16296
369	46029	16172
370	46124	16037
371	46244	15911
372	46369	15788
373	46491	15662
374	46607	15535
375	46727	15410
376	46832	15279
377	46943	15151
378	47062	15025
379	47177	14898
380	47305	14775
381	47425	14649
382	47484	14505
383	47604	14380
384	47717	14253
385	47840	14128
386	47958	14003
387	48072	13876
388	48190	13750
389	48315	13627
390	48430	13501
391	48546	13375
392	48670	13251
393	48765	13119
394	48888	12995
395	48994	12867
396	49108	12741
397	49221	12614
398	49326	12486
399	49435	12358
400	49549	12232
401	49663	12106
402	49777	11981
403	49891	11855
404	50018	11732
405	50110	11602
406	50153	11460
407	50270	11335
408	50375	11208
409	50469	11078
410	50582	10953
411	50687	10826
412	50805	10702
413	50915	10576
414	51029	10451
415	51148	10328
416	51268	10204
417	51391	10081
418	51507	9957
419	51628	9834
420	51751	9711
421	51867	9586
422	51982	9462
423	52115	9341
424	52258	9222
425	52378	9098
426	52483	8972
427	52575	8844
428	52667	8716
429	52781	8592
430	52899	8468
431	53013	8344
432	53126	8220
433	53227	8094
434	53340	7970
435	53441	7844
436	53545	7719
437	53647	7593
438	53750	7468
439	53855	7343
440	53965	7219
441	54071	7095
442	54187	6972
443	54290	6847
444	54403	6724
445	54515	6600
446	54627	6477
447	54736	6353
448	54851	6230
449	54960	6106
450	55070	5983
451	55177	5859
452	55280	5735
453	55402	5613
454	55510	5490
455	55617	5366
456	55729	5243
457	55843	5121
458	55954	4998
459	56059	4874
460	56168	4751
461	56207	4623
462	56323	4501
463	56423	4377
464	56496	4252
465	56611	4130
466	56706	4007
467	56829	3885
468	56923	3762
469	57023	3639
470	57125	3517
471	57235	3395
472	57348	3273
473	57458	3151
474	57575	3030
475	57685	2908
476	57803	2787
477	57917	2665
478	58021	2543
479	58121	2421
480	58204	2299
481	58302	2177
482	58376	2054
483	58452	1932
484	58523	1810
485	58615	1688
486	58703	1567
487	58787	1445
488	58881	1324
489	58995	1203
490	59106	1083
491	59209	962
492	59344	842
493	59462	722
494	59590	601
495	59730	481
496	59830	361
497	59926	240
498	60047	120
499	60162	0
